Parcel,TRANSECT,IDENT,segment_id,overlap_rule,n_candidate_segments,mask_origin,pred_iou,area_m2,lpt_year,lpt_year_flag,delta_year_naip,naip_year,naip_source,PCL,shrub_abs,perennial_grass_abs,annual_abs,other_abs,total_veg_abs,SPAI_abs,ARTR2_abs,ATTO_abs,ERNA10_abs,pre2015_caveat,BEARING,visit_date
IND026,1,IND026_01_358,7,single_intersect,1,sam_amg,0.8211843967437744,24091.199999996526,2022,exact_naip_year,0,2022,ca_m_3611815_nw_11_060_20220705,IND026,18.0,11.0,0.0,7.0,36.0,7.0,0.0,4.0,14.0,False,358,1719869627035
IND026,2,IND026_02_237,23,max_amg_then_pred_iou_then_area_m2,2,sam_amg,0.9232256412506104,4888.43999999965,2022,exact_naip_year,0,2022,ca_m_3611815_nw_11_060_20220705,IND026,20.0,2.0,0.0,0.0,22.0,2.0,17.0,0.0,3.0,False,237,1749750876566
IND026,3,IND026_03_055,204,single_intersect,1,residual_matrix,,756766.0342195819,2022,exact_naip_year,0,2022,ca_m_3611815_nw_11_060_20220705,IND026,25.0,1.0,0.0,0.0,26.0,1.0,0.0,23.0,2.0,False,55,1719948303114
IND026,4,IND026_04_252,204,single_intersect,1,residual_matrix,,756766.0342195819,2022,exact_naip_year,0,2022,ca_m_3611815_nw_11_060_20220705,IND026,14.0,0.0,0.0,0.0,14.0,0.0,8.0,2.0,3.0,False,252,1749752666573
IND026,5,IND026_05_212,204,single_intersect,1,residual_matrix,,756766.0342195819,2022,exact_naip_year,0,2022,ca_m_3611815_nw_11_060_20220705,IND026,14.0,0.0,0.0,0.0,14.0,0.0,0.0,2.0,0.0,False,212,1719947222088
IND026,6,IND026_06_101,204,single_intersect,1,residual_matrix,,756766.0342195819,2022,exact_naip_year,0,2022,ca_m_3611815_nw_11_060_20220705,IND026,28.0,0.0,0.0,1.0,29.0,0.0,28.0,0.0,0.0,False,101,1750086225412
IND026,7,IND026_07_236,204,single_intersect,1,residual_matrix,,756766.0342195819,2022,exact_naip_year,0,2022,ca_m_3611815_nw_11_060_20220705,IND026,6.0,0.0,0.0,0.0,6.0,0.0,0.0,6.0,0.0,False,236,1719949843086
IND026,8,IND026_08_160,204,single_intersect,1,residual_matrix,,756766.0342195819,2022,exact_naip_year,0,2022,ca_m_3611815_nw_11_060_20220705,IND026,13.0,0.0,0.0,0.0,13.0,0.0,1.0,11.0,1.0,False,160,1749753936965
IND026,9,IND026_09_266,4,single_intersect,1,sam_amg,0.7822507619857788,25535.879999987992,2022,exact_naip_year,0,2022,ca_m_3611815_nw_11_060_20220705,IND026,2.0,6.0,0.0,1.0,9.0,4.0,0.0,1.0,1.0,False,266,1719871160042
IND026,10,IND026_10_099,4,single_intersect,1,sam_amg,0.7822507619857788,25535.879999987992,2022,exact_naip_year,0,2022,ca_m_3611815_nw_11_060_20220705,IND026,15.0,1.0,1.0,1.0,18.0,1.0,15.0,0.0,0.0,False,99,1750087665988
IND026,11,IND026_11_327,204,single_intersect,1,residual_matrix,,756766.0342195819,2022,exact_naip_year,0,2022,ca_m_3611815_nw_11_060_20220705,IND026,30.0,2.0,0.0,0.0,32.0,2.0,0.0,30.0,0.0,False,327,1719950904032
IND026,12,IND026_12_082,204,single_intersect,1,residual_matrix,,756766.0342195819,2022,exact_naip_year,0,2022,ca_m_3611815_nw_11_060_20220705,IND026,15.0,0.0,0.0,0.0,15.0,0.0,7.0,8.0,0.0,False,82,1749672831853
IND026,13,IND026_13_217,204,single_intersect,1,residual_matrix,,756766.0342195819,2022,exact_naip_year,0,2022,ca_m_3611815_nw_11_060_20220705,IND026,3.0,0.0,0.0,0.0,3.0,0.0,0.0,0.0,1.0,False,217,1719945446033
IND026,14,IND026_14_077,204,single_intersect,1,residual_matrix,,756766.0342195819,2022,exact_naip_year,0,2022,ca_m_3611815_nw_11_060_20220705,IND026,21.0,0.0,0.0,0.0,21.0,0.0,18.0,3.0,0.0,False,77,1749671388910
IND026,15,IND026_15_051,204,single_intersect,1,residual_matrix,,756766.0342195819,2022,exact_naip_year,0,2022,ca_m_3611815_nw_11_060_20220705,IND026,15.0,0.0,0.0,0.0,15.0,0.0,0.0,14.0,0.0,False,51,1719943553015
IND026,16,IND026_16_305,204,single_intersect,1,residual_matrix,,756766.0342195819,2022,exact_naip_year,0,2022,ca_m_3611815_nw_11_060_20220705,IND026,20.0,0.0,1.0,5.0,26.0,0.0,0.0,20.0,0.0,False,305,1749670021676
